{
  "final": {
    "abs_offdiag_sym": 0.026776067202032267,
    "excited_ha": -75.2332726450157,
    "gap_ev": 4.480161590536034,
    "ground_ha": -75.3979155467053,
    "spin": 0.0059125207771722,
    "spin_state_0": 0.0054802281615479,
    "spin_state_1": 0.0063448133927966,
    "step": 39999
  },
  "label": "FermiNet QKV",
  "windows": {
    "last1000": {
      "abs_offdiag_sym_mean": 0.007186384400942071,
      "excited_ha_mean": -75.18852077676968,
      "excited_ha_std": 0.0357235506557348,
      "gap_ev_mean": 5.566726209394764,
      "gap_ev_std": 1.3806522711235851,
      "ground_ha_mean": -75.3930941917024,
      "ground_ha_std": 0.03821466085283909,
      "pmove_mean": 0.5350073364257812,
      "spin_mean": 0.006234539981012393,
      "spin_state_0_mean": 0.005363538691003694,
      "spin_state_1_mean": 0.007105541271021091,
      "step_seconds_mean": 0.574163998301141,
      "tail": 1000
    },
    "last5000": {
      "abs_offdiag_sym_mean": 0.007435611572527368,
      "excited_ha_mean": -75.18799392805363,
      "excited_ha_std": 0.036389541663953966,
      "gap_ev_mean": 5.599056300497599,
      "gap_ev_std": 1.4169428967970201,
      "ground_ha_mean": -75.39375545192026,
      "ground_ha_std": 0.03770875366558612,
      "pmove_mean": 0.5350119116210937,
      "spin_mean": 0.006267389257551673,
      "spin_state_0_mean": 0.005392914688846352,
      "spin_state_1_mean": 0.0071418638262569925,
      "step_seconds_mean": 0.5739915211109444,
      "tail": 5000
    }
  }
}
