{
  "final": {
    "excited_energy_ha": -75.15673084123522,
    "gap_ev": 5.612216819441225,
    "ground_energy_ha": -75.36297600525249,
    "overlap_01": -0.021602666060575496,
    "overlap_10": -0.03693295114324767,
    "pmove": 0.5344116210937501,
    "spin": 0.0050078828181345,
    "spin_state_0": 0.0040881662212298,
    "spin_state_1": 0.0059275994150392,
    "state0_energy_ha": -75.36297600525249,
    "state1_energy_ha": -75.15673084123522,
    "sym_overlap_offdiag": -0.028246242408135093
  },
  "finite_energy": true,
  "finite_stats": true,
  "job_id": 137015,
  "previous_0108_fused_tail": {
    "tail1000_gap_ev": {
      "max": 10.359073321908253,
      "mean": 5.482634364777681,
      "min": 0.6406258813294665,
      "std": 1.4928627113706485
    },
    "tail1000_spin": {
      "max": 0.0121607150319592,
      "mean": 0.007473781866438514,
      "min": 0.004804889958766,
      "std": 0.0007970989469382779
    },
    "tail1000_spin_state_0": {
      "max": 0.0160605419530814,
      "mean": 0.006863538872658854,
      "min": 0.0013507249017189,
      "std": 0.001245887090937564
    },
    "tail1000_spin_state_1": {
      "max": 0.0133076173793454,
      "mean": 0.008084024860218178,
      "min": 0.0052539082021386,
      "std": 0.0009748603430254299
    },
    "tail5000_gap_ev": {
      "max": 13.281642661906119,
      "mean": 5.5580437020551985,
      "min": 0.26737409763222275,
      "std": 1.5595393602364904
    },
    "tail5000_spin": {
      "max": 0.0145193619768126,
      "mean": 0.007303311290794929,
      "min": 0.0030567503530814,
      "std": 0.0008286263784020543
    }
  },
  "state1_lower_count": 8,
  "state1_lower_last1000": 0,
  "state1_lower_last5000": 3,
  "steps": {
    "count": 10000,
    "first": 30000,
    "last": 39999
  },
  "tail1000": {
    "abs_sym_overlap_offdiag": {
      "max": 0.09133896786142003,
      "mean": 0.010906203286115865,
      "min": 0.0,
      "std": 0.015602596806219544
    },
    "excited_energy_ha": {
      "max": -74.98869199514502,
      "mean": -75.16250815022734,
      "min": -75.27735511910554,
      "std": 0.039552753932887305
    },
    "gap_ev": {
      "max": 10.948292520483541,
      "mean": 5.449322446321663,
      "min": 0.6349711986753964,
      "std": 1.5715693427655344
    },
    "ground_energy_ha": {
      "max": -75.1869828228789,
      "mean": -75.36276705644626,
      "min": -75.49211424629452,
      "std": 0.041500442206658376
    },
    "pmove": {
      "max": 0.54068603515625,
      "mean": 0.5349154663085938,
      "min": 0.528271484375,
      "std": 0.0020953585760691003
    },
    "spin": {
      "max": 0.0090334121841075,
      "mean": 0.005222049693800912,
      "min": 0.0029481819877395,
      "std": 0.0005747891449111343
    },
    "spin_state_0": {
      "max": 0.009202581381959,
      "mean": 0.004045757456409521,
      "min": -0.0005838633213158,
      "std": 0.0009013968963135245
    },
    "spin_state_1": {
      "max": 0.0131173868040479,
      "mean": 0.006398341931192304,
      "min": 0.0026790210419828,
      "std": 0.0008000228181907758
    },
    "step_seconds": {
      "max": 3.0959986178204417,
      "mean": 1.6456192123955116,
      "min": 1.6364469779655335,
      "std": 0.0460283221978257
    }
  },
  "tail5000": {
    "abs_sym_overlap_offdiag": {
      "max": 0.09133896786142003,
      "mean": 0.009994203199582153,
      "min": 0.0,
      "std": 0.014454097838661655
    },
    "excited_energy_ha": {
      "max": -74.90128175692652,
      "mean": -75.15969682263987,
      "min": -75.28172064510645,
      "std": 0.039569769664741496
    },
    "gap_ev": {
      "max": 25.957423792467495,
      "mean": 5.5011800327616935,
      "min": 0.07850901124668413,
      "std": 1.5606272824320193
    },
    "ground_energy_ha": {
      "max": -75.16857603030012,
      "mean": -75.36186146001012,
      "min": -76.10482084459271,
      "std": 0.042126761101804015
    },
    "pmove": {
      "max": 0.54276123046875,
      "mean": 0.5349238427734375,
      "min": 0.52808837890625,
      "std": 0.002108718075481941
    },
    "spin": {
      "max": 0.0326025750201875,
      "mean": 0.0058456249711114966,
      "min": -0.0013291216515676,
      "std": 0.0008130879807429797
    },
    "spin_state_0": {
      "max": 0.0105383035432436,
      "mean": 0.004966539513311934,
      "min": -0.0095427124673379,
      "std": 0.0011400831288219573
    },
    "spin_state_1": {
      "max": 0.0611098192111464,
      "mean": 0.006724710428911061,
      "min": 0.0014015529026049,
      "std": 0.0011207533194637844
    },
    "step_seconds": {
      "max": 3.497841483913362,
      "mean": 1.6456753621676936,
      "min": 1.6358842067420485,
      "std": 0.041426708447494465
    }
  },
  "variant": "fused_qkv_beta20"
}
