{
  "final": {
    "excited_energy_ha": -75.12044989587287,
    "gap_ev": 6.306976046823895,
    "ground_energy_ha": -75.35222699057174,
    "overlap_01": -0.0036175693585831017,
    "overlap_10": 0.09609135566736621,
    "pmove": 0.53863525390625,
    "spin": 0.0063362689119485,
    "spin_state_0": 0.0058885578341874,
    "spin_state_1": 0.0067839799897096,
    "state0_energy_ha": -75.35222699057174,
    "state1_energy_ha": -75.12044989587287,
    "sym_overlap_offdiag": -0.0
  },
  "finite_energy": true,
  "finite_stats": true,
  "job_id": 137016,
  "label": "FermiNet QKV",
  "previous_0108_ferminet_tail": {
    "tail1000_gap_ev": {
      "max": 11.141955483615222,
      "mean": 5.626026202823882,
      "min": 0.7378022243019005,
      "std": 1.5790269924066205
    },
    "tail1000_spin": {
      "max": 0.0140606636226088,
      "mean": 0.00826425265744458,
      "min": 0.0052763208182568,
      "std": 0.0007776251621819785
    },
    "tail1000_spin_state_0": {
      "max": 0.0180476897996273,
      "mean": 0.0074743149586093014,
      "min": 0.0024192921839047,
      "std": 0.0011468028749635273
    },
    "tail1000_spin_state_1": {
      "max": 0.0209967767422893,
      "mean": 0.009054190356279858,
      "min": 0.0036931038524245,
      "std": 0.0010517833081034483
    },
    "tail5000_gap_ev": {
      "max": 13.959023886460493,
      "mean": 5.569320925356919,
      "min": 0.2784154123199534,
      "std": 1.5749806123629684
    },
    "tail5000_spin": {
      "max": 0.0189946997626962,
      "mean": 0.008675192769750466,
      "min": 0.0042675887259978,
      "std": 0.0010516423883537662
    }
  },
  "state1_lower_count": 14,
  "state1_lower_last1000": 0,
  "state1_lower_last5000": 4,
  "steps": {
    "count": 10000,
    "first": 30000,
    "last": 39999
  },
  "tail1000": {
    "abs_sym_overlap_offdiag": {
      "max": 0.07234155134688346,
      "mean": 0.010180877619213465,
      "min": 0.0,
      "std": 0.013877165615623807
    },
    "excited_energy_ha": {
      "max": -74.88784642460152,
      "mean": -75.16272069827025,
      "min": -75.26951311538191,
      "std": 0.03997637256580449
    },
    "gap_ev": {
      "max": 13.181803431078654,
      "mean": 5.542264834326224,
      "min": 0.595636451105594,
      "std": 1.5286097080184213
    },
    "ground_energy_ha": {
      "max": -75.20726843593957,
      "mean": -75.36639517424972,
      "min": -75.47223831506346,
      "std": 0.03985855455257147
    },
    "pmove": {
      "max": 0.541455078125,
      "mean": 0.5350319091796876,
      "min": 0.52825927734375,
      "std": 0.0020591388218168367
    },
    "spin": {
      "max": 0.0089595132662122,
      "mean": 0.006483119067170026,
      "min": 0.0040811725976479,
      "std": 0.0006041163001792872
    },
    "spin_state_0": {
      "max": 0.0097643045181174,
      "mean": 0.005317654182183092,
      "min": 0.0023023525516039,
      "std": 0.000918175324380749
    },
    "spin_state_1": {
      "max": 0.0102996301624381,
      "mean": 0.007648583952156958,
      "min": 0.0027899090824595,
      "std": 0.000779577313843736
    },
    "step_seconds": {
      "max": 0.6181387081742287,
      "mean": 0.5678736140141264,
      "min": 0.5374210719019175,
      "std": 0.011315138329400903
    }
  },
  "tail5000": {
    "abs_sym_overlap_offdiag": {
      "max": 0.11017673679754006,
      "mean": 0.01080649381832272,
      "min": 0.0,
      "std": 0.015060891952605966
    },
    "excited_energy_ha": {
      "max": -74.64192102813978,
      "mean": -75.16022705624671,
      "min": -75.28191192943883,
      "std": 0.04151838529179073
    },
    "gap_ev": {
      "max": 20.097949339476095,
      "mean": 5.5257551215009695,
      "min": 0.1997468922609521,
      "std": 1.5680471299541152
    },
    "ground_energy_ha": {
      "max": -75.17184617178496,
      "mean": -75.36329481147052,
      "min": -75.50591657068095,
      "std": 0.04009166383532187
    },
    "pmove": {
      "max": 0.5423583984375,
      "mean": 0.5349890185546875,
      "min": 0.5276977539062501,
      "std": 0.0020839064917928425
    },
    "spin": {
      "max": 0.0101980335216515,
      "mean": 0.006391902126174509,
      "min": -0.0001634368334856,
      "std": 0.0006574695184066707
    },
    "spin_state_0": {
      "max": 0.0111896747944679,
      "mean": 0.005143816747022835,
      "min": 0.0003560040894224,
      "std": 0.0009404979140831143
    },
    "spin_state_1": {
      "max": 0.0134143233032274,
      "mean": 0.007639987505326181,
      "min": -0.005532525671494,
      "std": 0.0009143232650981453
    },
    "step_seconds": {
      "max": 1.3780274651944635,
      "mean": 0.5685519461940974,
      "min": 0.5372176235541701,
      "std": 0.01725523359096897
    }
  },
  "variant": "ferminet_qkv_beta20"
}
