{
  "summary": [
    {
      "delta_last_minus_first_e0": -0.0103981579483019,
      "delta_last_minus_first_e1": -0.009695914299598485,
      "delta_last_minus_first_energy": -0.0509847990743566,
      "delta_last_minus_first_gap_ev": 0.019109023164173067,
      "delta_last_minus_first_gap_hartree": 0.0007022436487222894,
      "delta_last_minus_first_pmove": -0.00018514404296887665,
      "delta_last_minus_first_spin": -0.004047512030702127,
      "delta_last_minus_first_spin_state_0": -0.003793338772672971,
      "delta_last_minus_first_spin_state_1": -0.004301685288731287,
      "delta_last_minus_first_step_seconds": 0.0030616489890962217,
      "end_step": 39999,
      "final_e0": -75.40210673093353,
      "final_e1": -75.23981453681287,
      "final_energy": -75.25045922689523,
      "final_gap_ev": 4.4161955789259455,
      "final_spin": 0.007050140697791654,
      "first1000_e0_mean": -75.38040844568226,
      "first1000_e1_mean": -75.17721747713766,
      "first1000_energy_mean": -75.1725281956654,
      "first1000_gap_ev_mean": 5.529107926763329,
      "first1000_gap_hartree_mean": 0.20319096854459337,
      "first1000_pmove_mean": 0.5350288330078127,
      "first1000_spin_mean": 0.010521178991666562,
      "first1000_spin_state_0_mean": 0.00920955541027217,
      "first1000_spin_state_1_mean": 0.01183280257306096,
      "first1000_step_seconds_mean": 1.6209466884611174,
      "last1000_e0_mean": -75.39080660363057,
      "last1000_e0_std": 0.03541437193799537,
      "last1000_e1_mean": -75.18691339143726,
      "last1000_e1_std": 0.03681558681790743,
      "last1000_energy_mean": -75.22351299473975,
      "last1000_energy_std": 0.026357064120021416,
      "last1000_gap_ev_mean": 5.548216949927502,
      "last1000_gap_ev_std": 1.3681727402303243,
      "last1000_gap_hartree_mean": 0.20389321219331566,
      "last1000_gap_hartree_std": 0.05027942082267292,
      "last1000_pmove_mean": 0.5348436889648438,
      "last1000_pmove_std": 0.001882143005951539,
      "last1000_spin_mean": 0.006473666960964435,
      "last1000_spin_state_0_mean": 0.005416216637599199,
      "last1000_spin_state_0_std": 0.0009518854186263032,
      "last1000_spin_state_1_mean": 0.007531117284329673,
      "last1000_spin_state_1_std": 0.0006825705274956871,
      "last1000_spin_std": 0.0005555179613489344,
      "last1000_step_seconds_mean": 1.6240083374502137,
      "last1000_step_seconds_std": 0.08516180121989514,
      "learning_rate": 0.02,
      "learning_rate_label": "lr=0.02",
      "num_rows": 20000,
      "route": "ferminet",
      "start_step": 20000
    },
    {
      "delta_last_minus_first_e0": -0.013842448335594781,
      "delta_last_minus_first_e1": -0.01412166411350313,
      "delta_last_minus_first_energy": -0.06691266018013664,
      "delta_last_minus_first_gap_ev": -0.00759784837806432,
      "delta_last_minus_first_gap_hartree": -0.00027921577788725394,
      "delta_last_minus_first_pmove": -0.00017962646484370737,
      "delta_last_minus_first_spin": -0.0052463128626494895,
      "delta_last_minus_first_spin_state_0": -0.0046637387905519205,
      "delta_last_minus_first_spin_state_1": -0.005828886934747057,
      "delta_last_minus_first_step_seconds": 0.0029353575874120352,
      "end_step": 39999,
      "final_e0": -75.42343539372344,
      "final_e1": -75.20705517854422,
      "final_energy": -75.26269533255248,
      "final_gap_ev": 5.888005611231588,
      "final_spin": 0.005236021539409747,
      "first1000_e0_mean": -75.37733703883538,
      "first1000_e1_mean": -75.17295963363868,
      "first1000_energy_mean": -75.16379341640743,
      "first1000_gap_ev_mean": 5.561392512759636,
      "first1000_gap_hartree_mean": 0.20437740519667932,
      "first1000_pmove_mean": 0.5351017700195313,
      "first1000_spin_mean": 0.011022941903454988,
      "first1000_spin_state_0_mean": 0.009259086078868157,
      "first1000_spin_state_1_mean": 0.012786797728041817,
      "first1000_step_seconds_mean": 1.6420495263999328,
      "last1000_e0_mean": -75.39117948717097,
      "last1000_e0_std": 0.035312101207329305,
      "last1000_e1_mean": -75.18708129775219,
      "last1000_e1_std": 0.03364962744774978,
      "last1000_energy_mean": -75.23070607658757,
      "last1000_energy_std": 0.025637804496649298,
      "last1000_gap_ev_mean": 5.553794664381572,
      "last1000_gap_ev_std": 1.3007038264194235,
      "last1000_gap_hartree_mean": 0.20409818941879207,
      "last1000_gap_hartree_std": 0.04779998397219462,
      "last1000_pmove_mean": 0.5349221435546876,
      "last1000_pmove_std": 0.0018814072328899815,
      "last1000_spin_mean": 0.005776629040805498,
      "last1000_spin_state_0_mean": 0.004595347288316236,
      "last1000_spin_state_0_std": 0.0009947930930516902,
      "last1000_spin_state_1_mean": 0.00695791079329476,
      "last1000_spin_state_1_std": 0.0007581592485628416,
      "last1000_spin_std": 0.0006608207690844161,
      "last1000_step_seconds_mean": 1.6449848839873449,
      "last1000_step_seconds_std": 0.002128776447884677,
      "learning_rate": 0.02,
      "learning_rate_label": "lr=0.02",
      "num_rows": 20000,
      "route": "fused_qkv",
      "start_step": 20000
    },
    {
      "delta_last_minus_first_e0": -0.013716016032930156,
      "delta_last_minus_first_e1": -0.010858966549349702,
      "delta_last_minus_first_energy": -0.05494627714128342,
      "delta_last_minus_first_gap_ev": 0.07774427702194764,
      "delta_last_minus_first_gap_hartree": 0.002857049483592916,
      "delta_last_minus_first_pmove": -0.00013308105468767817,
      "delta_last_minus_first_spin": -0.0041981464527583,
      "delta_last_minus_first_spin_state_0": -0.003629299363635395,
      "delta_last_minus_first_spin_state_1": -0.0047669935418812115,
      "delta_last_minus_first_step_seconds": -0.0037232058802618706,
      "end_step": 39999,
      "final_e0": -75.36688113677835,
      "final_e1": -75.22766354368356,
      "final_energy": -75.23622168638737,
      "final_gap_ev": 3.788303697938968,
      "final_spin": 0.0059416460458322235,
      "first1000_e0_mean": -75.38040844568226,
      "first1000_e1_mean": -75.17721747713766,
      "first1000_energy_mean": -75.1725281956654,
      "first1000_gap_ev_mean": 5.529107926763329,
      "first1000_gap_hartree_mean": 0.20319096854459337,
      "first1000_pmove_mean": 0.5350288330078127,
      "first1000_spin_mean": 0.010521178991666562,
      "first1000_spin_state_0_mean": 0.00920955541027217,
      "first1000_spin_state_1_mean": 0.01183280257306096,
      "first1000_step_seconds_mean": 1.6209466884611174,
      "last1000_e0_mean": -75.3941244617152,
      "last1000_e0_std": 0.034127456962285314,
      "last1000_e1_mean": -75.18807644368701,
      "last1000_e1_std": 0.03385676270609804,
      "last1000_energy_mean": -75.22747447280668,
      "last1000_energy_std": 0.024318097187328438,
      "last1000_gap_ev_mean": 5.606852203785277,
      "last1000_gap_ev_std": 1.3253891170020236,
      "last1000_gap_hartree_mean": 0.20604801802818629,
      "last1000_gap_hartree_std": 0.04870715166881425,
      "last1000_pmove_mean": 0.534895751953125,
      "last1000_pmove_std": 0.001934321173882009,
      "last1000_spin_mean": 0.006323032538908262,
      "last1000_spin_state_0_mean": 0.005580256046636775,
      "last1000_spin_state_0_std": 0.0010213440292449747,
      "last1000_spin_state_1_mean": 0.007065809031179748,
      "last1000_spin_state_1_std": 0.0007621203007562048,
      "last1000_spin_std": 0.00063134456948682,
      "last1000_step_seconds_mean": 1.6172234825808556,
      "last1000_step_seconds_std": 0.033370694556783154,
      "learning_rate": 0.01,
      "learning_rate_label": "lr=0.01",
      "num_rows": 20000,
      "route": "ferminet",
      "start_step": 20000
    },
    {
      "delta_last_minus_first_e0": -0.01742860006967817,
      "delta_last_minus_first_e1": -0.013398035694237365,
      "delta_last_minus_first_energy": -0.07295845626465791,