{
  "summary": [
    {
      "delta_last_minus_first_e0": -0.008895331068728751,
      "delta_last_minus_first_e1": -0.005641491522865749,
      "delta_last_minus_first_energy": -0.024171473372518903,
      "delta_last_minus_first_gap_ev": 0.08854148466537115,
      "delta_last_minus_first_gap_hartree": 0.0032538395458785174,
      "delta_last_minus_first_pmove": -0.0018161376953125252,
      "delta_last_minus_first_spin": -0.0016958765429412785,
      "delta_last_minus_first_spin_state_0": -0.0019343385225402748,
      "delta_last_minus_first_spin_state_1": -0.001457414563342285,
      "delta_last_minus_first_step_seconds": -0.5872863300601019,
      "end_step": 39999,
      "final_e0": -75.40210673093353,
      "final_e1": -75.23981453681287,
      "final_energy": -75.25045922689523,
      "final_gap_ev": 4.4161955789259455,
      "final_spin": 0.007050140697791654,
      "first1000_e0_mean": -75.38191127256184,
      "first1000_e1_mean": -75.18127189991439,
      "first1000_energy_mean": -75.19934152136723,
      "first1000_gap_ev_mean": 5.459675465262131,
      "first1000_gap_hartree_mean": 0.20063937264743714,
      "first1000_pmove_mean": 0.5366598266601563,
      "first1000_spin_mean": 0.008169543503905714,
      "first1000_spin_state_0_mean": 0.007350555160139474,
      "first1000_spin_state_1_mean": 0.008988531847671958,
      "first1000_step_seconds_mean": 2.2112946675103156,
      "last1000_e0_mean": -75.39080660363057,
      "last1000_e0_std": 0.03541437193799537,
      "last1000_e1_mean": -75.18691339143726,
      "last1000_e1_std": 0.03681558681790743,
      "last1000_energy_mean": -75.22351299473975,
      "last1000_energy_std": 0.026357064120021416,
      "last1000_gap_ev_mean": 5.548216949927502,
      "last1000_gap_ev_std": 1.3681727402303243,
      "last1000_gap_hartree_mean": 0.20389321219331566,
      "last1000_gap_hartree_std": 0.05027942082267292,
      "last1000_pmove_mean": 0.5348436889648438,
      "last1000_pmove_std": 0.001882143005951539,
      "last1000_spin_mean": 0.006473666960964435,
      "last1000_spin_state_0_mean": 0.005416216637599199,
      "last1000_spin_state_0_std": 0.0009518854186263032,
      "last1000_spin_state_1_mean": 0.007531117284329673,
      "last1000_spin_state_1_std": 0.0006825705274956871,
      "last1000_spin_std": 0.0005555179613489344,
      "last1000_step_seconds_mean": 1.6240083374502137,
      "last1000_step_seconds_std": 0.08516180121989514,
      "learning_rate": 0.02,
      "learning_rate_label": "lr=0.02",
      "num_rows": 10000,
      "route": "ferminet",
      "start_step": 30000
    },
    {
      "delta_last_minus_first_e0": -0.009862992959483563,
      "delta_last_minus_first_e1": -0.006644804642164104,
      "delta_last_minus_first_energy": -0.020256598189433817,
      "delta_last_minus_first_gap_ev": 0.08757136531474252,
      "delta_last_minus_first_gap_hartree": 0.003218188317313464,
      "delta_last_minus_first_pmove": -0.0018653686523437685,
      "delta_last_minus_first_spin": -0.0012074011542696833,
      "delta_last_minus_first_spin_state_0": -0.002325952111419437,
      "delta_last_minus_first_spin_state_1": -8.885019711992945e-05,
      "delta_last_minus_first_step_seconds": -0.5358335556294767,
      "end_step": 39999,
      "final_e0": -75.42343539372344,
      "final_e1": -75.20705517854422,
      "final_energy": -75.26269533255248,
      "final_gap_ev": 5.888005611231588,
      "final_spin": 0.005236021539409747,
      "first1000_e0_mean": -75.38131649421149,
      "first1000_e1_mean": -75.18043649311002,
      "first1000_energy_mean": -75.21044947839813,
      "first1000_gap_ev_mean": 5.466223299066829,
      "first1000_gap_hartree_mean": 0.2008800011014786,
      "first1000_pmove_mean": 0.5367875122070314,
      "first1000_spin_mean": 0.006984030195075181,
      "first1000_spin_state_0_mean": 0.006921299399735673,
      "first1000_spin_state_1_mean": 0.0070467609904146895,
      "first1000_step_seconds_mean": 2.1808184396168215,
      "last1000_e0_mean": -75.39117948717097,
      "last1000_e0_std": 0.035312101207329305,
      "last1000_e1_mean": -75.18708129775219,
      "last1000_e1_std": 0.03364962744774978,
      "last1000_energy_mean": -75.23070607658757,
      "last1000_energy_std": 0.025637804496649298,
      "last1000_gap_ev_mean": 5.553794664381572,
      "last1000_gap_ev_std": 1.3007038264194235,
      "last1000_gap_hartree_mean": 0.20409818941879207,
      "last1000_gap_hartree_std": 0.04779998397219462,
      "last1000_pmove_mean": 0.5349221435546876,
      "last1000_pmove_std": 0.0018814072328899815,
      "last1000_spin_mean": 0.005776629040805498,
      "last1000_spin_state_0_mean": 0.004595347288316236,
      "last1000_spin_state_0_std": 0.0009947930930516902,
      "last1000_spin_state_1_mean": 0.00695791079329476,
      "last1000_spin_state_1_std": 0.0007581592485628416,
      "last1000_spin_std": 0.0006608207690844161,
      "last1000_step_seconds_mean": 1.6449848839873449,
      "last1000_step_seconds_std": 0.002128776447884677,
      "learning_rate": 0.02,
      "learning_rate_label": "lr=0.02",
      "num_rows": 10000,
      "route": "fused_qkv",
      "start_step": 30000
    },
    {
      "delta_last_minus_first_e0": -0.00706615772574537,
      "delta_last_minus_first_e1": -0.007906814428650932,
      "delta_last_minus_first_energy": -0.026574201054813784,
      "delta_last_minus_first_gap_ev": -0.022875434242824788,
      "delta_last_minus_first_gap_hartree": -0.0008406567028975964,
      "delta_last_minus_first_pmove": -0.0016520996093749574,
      "delta_last_minus_first_spin": -0.0019063396003419055,
      "delta_last_minus_first_spin_state_0": -0.002006020271085914,
      "delta_last_minus_first_spin_state_1": -0.0018066589295978952,
      "delta_last_minus_first_step_seconds": -0.5856374176638199,
      "end_step": 39999,
      "final_e0": -75.36688113677835,
      "final_e1": -75.22766354368356,
      "final_energy": -75.23622168638737,
      "final_gap_ev": 3.788303697938968,
      "final_spin": 0.0059416460458322235,
      "first1000_e0_mean": -75.38705830398945,
      "first1000_e1_mean": -75.18016962925836,
      "first1000_energy_mean": -75.20090027175186,
      "first1000_gap_ev_mean": 5.629727638028101,
      "first1000_gap_hartree_mean": 0.20688867473108388,
      "first1000_pmove_mean": 0.5365478515625,
      "first1000_spin_mean": 0.008229372139250167,
      "first1000_spin_state_0_mean": 0.007586276317722689,
      "first1000_spin_state_1_mean": 0.008872467960777643,
      "first1000_step_seconds_mean": 2.2028609002446755,
      "last1000_e0_mean": -75.3941244617152,
      "last1000_e0_std": 0.034127456962285314,
      "last1000_e1_mean": -75.18807644368701,
      "last1000_e1_std": 0.03385676270609804,
      "last1000_energy_mean": -75.22747447280668,
      "last1000_energy_std": 0.024318097187328438,
      "last1000_gap_ev_mean": 5.606852203785277,
      "last1000_gap_ev_std": 1.3253891170020236,
      "last1000_gap_hartree_mean": 0.20604801802818629,
      "last1000_gap_hartree_std": 0.04870715166881425,
      "last1000_pmove_mean": 0.534895751953125,
      "last1000_pmove_std": 0.001934321173882009,
      "last1000_spin_mean": 0.006323032538908262,
      "last1000_spin_state_0_mean": 0.005580256046636775,
      "last1000_spin_state_0_std": 0.0010213440292449747,
      "last1000_spin_state_1_mean": 0.007065809031179748,
      "last1000_spin_state_1_std": 0.0007621203007562048,
      "last1000_spin_std": 0.00063134456948682,
      "last1000_step_seconds_mean": 1.6172234825808556,
      "last1000_step_seconds_std": 0.033370694556783154,
      "learning_rate": 0.01,
      "learning_rate_label": "lr=0.01",
      "num_rows": 10000,
      "route": "ferminet",
      "start_step": 30000
    },
    {
      "delta_last_minus_first_e0": -0.00895827472591293,
      "delta_last_minus_first_e1": -0.007910863482777586,
      "delta_last_minus_first_energy": -0.027714555595977686,