{
  "summary": [
    {
      "after20000_e0_mean": -75.3824257236485,
      "after20000_e1_mean": -75.1782313437856,
      "after20000_energy_mean": -75.19502922266179,
      "after20000_gap_ev_mean": 5.556412139708595,
      "after20000_gap_hartree_mean": 0.20419437986287167,
      "after20000_pmove_mean": 0.5347379956054688,
      "after20000_spin_mean": 0.00849054782297852,
      "after20000_spin_state_0_mean": 0.006994027261121373,
      "after20000_spin_state_1_mean": 0.009987068384835667,
      "analysis_start_step": 20000,
      "end_step": 29999,
      "eta0": 0.01,
      "final_e0": -75.43342675455013,
      "final_e1": -75.14115981147717,
      "final_energy": -75.21049082738455,
      "final_gap_ev": 7.952988674892498,
      "final_spin": 0.007680245562921051,
      "first_after20000_1000_e0_mean": -75.37860254782406,
      "first_after20000_1000_e1_mean": -75.17493010589266,
      "first_after20000_1000_energy_mean": -75.18357312699155,
      "first_after20000_1000_gap_ev_mean": 5.542209485058626,
      "first_after20000_1000_gap_hartree_mean": 0.20367244193139042,
      "first_after20000_1000_pmove_mean": 0.5347663208007811,
      "first_after20000_1000_spin_mean": 0.009274915475271272,
      "first_after20000_1000_spin_state_0_mean": 0.00866758077097675,
      "first_after20000_1000_spin_state_1_mean": 0.009882250179565791,
      "last1000_e0_mean": -75.38575406668548,
      "last1000_e0_std": 0.03819602896889025,
      "last1000_e1_mean": -75.18381248576651,
      "last1000_e1_std": 0.03938033393724774,
      "last1000_energy_mean": -75.2013201638423,
      "last1000_energy_std": 0.028302267847188794,
      "last1000_gap_ev_mean": 5.495110357511305,
      "last1000_gap_ev_std": 1.5117093419931655,
      "last1000_gap_hartree_mean": 0.20194158091896164,
      "last1000_gap_hartree_std": 0.055554293644854244,
      "last1000_pmove_mean": 0.5347176147460939,
      "last1000_pmove_std": 0.0018455398691992926,
      "last1000_spin_mean": 0.008297991506546414,
      "last1000_spin_state_0_mean": 0.006075405473461298,
      "last1000_spin_state_0_std": 0.0009991993988860478,
      "last1000_spin_state_1_mean": 0.010520577539631528,
      "last1000_spin_state_1_std": 0.0011994376621005162,
      "last1000_spin_std": 0.0007499695649594182,
      "num_rows": 30000,
      "parameter_label": "eta0=0.01, tau=10000",
      "run": "eta1e2_tau10000",
      "start_step": 0,
      "tau": 10000
    },
    {
      "after20000_e0_mean": -75.38371920324859,
      "after20000_e1_mean": -75.17714439073323,
      "after20000_energy_mean": -75.17030691352493,
      "after20000_gap_ev_mean": 5.621187012048227,
      "after20000_gap_hartree_mean": 0.20657481251536775,
      "after20000_pmove_mean": 0.5346830310058595,
      "after20000_spin_mean": 0.010968835038640297,
      "after20000_spin_state_0_mean": 0.008309105152119097,
      "after20000_spin_state_1_mean": 0.013628564925161495,
      "analysis_start_step": 20000,
      "end_step": 29999,
      "eta0": 0.01,
      "final_e0": -75.38920110899981,
      "final_e1": -75.21701304268139,
      "final_energy": -75.20009128262018,
      "final_gap_ev": 4.685475979540501,
      "final_spin": 0.010270532499869724,
      "first_after20000_1000_e0_mean": -75.37985114637672,
      "first_after20000_1000_e1_mean": -75.17303791707019,
      "first_after20000_1000_energy_mean": -75.14467175855324,
      "first_after20000_1000_gap_ev_mean": 5.627674663439786,
      "first_after20000_1000_gap_hartree_mean": 0.20681322930651944,
      "first_after20000_1000_pmove_mean": 0.53481396484375,
      "first_after20000_1000_spin_mean": 0.013118949990676658,
      "first_after20000_1000_spin_state_0_mean": 0.011092255726135484,
      "first_after20000_1000_spin_state_1_mean": 0.015145644255217833,
      "last1000_e0_mean": -75.38767616697447,
      "last1000_e0_std": 0.03886149569482305,
      "last1000_e1_mean": -75.18032663487,
      "last1000_e1_std": 0.035913057666293643,
      "last1000_energy_mean": -75.19228965729279,
      "last1000_energy_std": 0.027005951430074213,
      "last1000_gap_ev_mean": 5.642268206019404,
      "last1000_gap_ev_std": 1.4394663993503958,
      "last1000_gap_hartree_mean": 0.20734953210446203,
      "last1000_gap_hartree_std": 0.052899414470757744,
      "last1000_pmove_mean": 0.5346414672851563,
      "last1000_pmove_std": 0.0018026221220925093,
      "last1000_spin_mean": 0.00913471954915501,
      "last1000_spin_state_0_mean": 0.0060591975327562225,
      "last1000_spin_state_0_std": 0.0010975171725740016,
      "last1000_spin_state_1_mean": 0.012210241565553797,
      "last1000_spin_state_1_std": 0.0009479848735492875,
      "last1000_spin_std": 0.0007278759481571449,
      "num_rows": 30000,
      "parameter_label": "eta0=0.01, tau=15000",
      "run": "eta1e2_tau15000",
      "start_step": 0,
      "tau": 15000
    },
    {
      "after20000_e0_mean": -75.38307576193262,
      "after20000_e1_mean": -75.17952781084024,
      "after20000_energy_mean": -75.19056765673145,
      "after20000_gap_ev_mean": 5.538821916754015,
      "after20000_gap_hartree_mean": 0.2035479510923722,
      "after20000_pmove_mean": 0.5347389501953125,
      "after20000_spin_mean": 0.009030922323474381,
      "after20000_spin_state_0_mean": 0.007400776170661916,
      "after20000_spin_state_1_mean": 0.010661068476286846,
      "analysis_start_step": 20000,
      "end_step": 29999,
      "eta0": 0.01,
      "final_e0": -75.39848066432987,
      "final_e1": -75.17423729270438,
      "final_energy": -75.2154963163022,
      "final_gap_ev": 6.1019729984038555,
      "final_spin": 0.0069975305242333755,
      "first_after20000_1000_e0_mean": -75.37411063045245,
      "first_after20000_1000_e1_mean": -75.17394552753854,
      "first_after20000_1000_energy_mean": -75.16666710029143,
      "first_after20000_1000_gap_ev_mean": 5.44676992835799,
      "first_after20000_1000_gap_hartree_mean": 0.20016510291389705,
      "first_after20000_1000_pmove_mean": 0.53476328125,
      "first_after20000_1000_spin_mean": 0.01068253191776888,
      "first_after20000_1000_spin_state_0_mean": 0.009255405389726405,
      "first_after20000_1000_spin_state_1_mean": 0.012109658445811357,
      "last1000_e0_mean": -75.38497426914083,
      "last1000_e0_std": 0.0400976661033367,
      "last1000_e1_mean": -75.18202064077747,
      "last1000_e1_std": 0.03736989168223352,
      "last1000_energy_mean": -75.20356503085547,
      "last1000_energy_std": 0.028494906505991176,
      "last1000_gap_ev_mean": 5.522649571420012,
      "last1000_gap_ev_std": 1.4780497237703498,
      "last1000_gap_hartree_mean": 0.20295362836335698,
      "last1000_gap_hartree_std": 0.05431732549047445,
      "last1000_pmove_mean": 0.5348116943359376,
      "last1000_pmove_std": 0.0018239338369391172,
      "last1000_spin_mean": 0.007952135406786104,
      "last1000_spin_state_0_mean": 0.006548695415648689,
      "last1000_spin_state_0_std": 0.0009967597908223911,
      "last1000_spin_state_1_mean": 0.009355575397923517,
      "last1000_spin_state_1_std": 0.0011315972414313222,
      "last1000_spin_std": 0.0007483906014783977,
      "num_rows": 30000,
      "parameter_label": "eta0=0.01, tau=20000",
      "run": "eta1e2_tau20000",
      "start_step": 0,
      "tau": 20000
    },
    {
      "after20000_e0_mean": -75.38438564968233,
      "after20000_e1_mean": -75.1784234954763,
      "after20000_energy_mean": -75.19531260503678,
      "after20000_gap_ev_mean": 5.6045157301564625,
      "after20000_gap_hartree_mean": 0.20596215420604613,
      "after20000_pmove_mean": 0.53481529296875,
      "after20000_spin_mean": 0.008559231135148298,
      "after20000_spin_state_0_mean": 0.0076773575829333805,
      "after20000_spin_state_1_mean": 0.00944110468736321,
      "analysis_start_step": 20000,
      "end_step": 29999,
      "eta0": 0.02,
      "final_e0": -75.39038077984154,
      "final_e1": -75.17718744444504,
      "final_energy": -75.18963528849149,