{
  "summary": [
    {
      "after5000_e0_mean": -75.36647429682516,
      "after5000_e1_mean": -75.1613028427424,
      "after5000_energy_mean": -75.14866120235115,
      "after5000_gap_ev_mean": 5.582999683697149,
      "after5000_gap_hartree_mean": 0.2051714540827665,
      "after5000_pmove_mean": 0.5347534326171876,
      "after5000_spin_mean": 0.011454832012324931,
      "after5000_spin_state_0_mean": 0.009999495200580725,
      "after5000_spin_state_1_mean": 0.012910168824069139,
      "analysis_start_step": 5000,
      "end_step": 29999,
      "eta0": 0.01,
      "final_e0": -75.43342675455013,
      "final_e1": -75.14115981147717,
      "final_energy": -75.21049082738455,
      "final_gap_ev": 7.952988674892498,
      "final_spin": 0.007680245562921051,
      "first_after5000_1000_e0_mean": -75.325899353638,
      "first_after5000_1000_e1_mean": -75.10814515280562,
      "first_after5000_1000_energy_mean": -75.00459990979446,
      "first_after5000_1000_gap_ev_mean": 5.925393665536299,
      "first_after5000_1000_gap_hartree_mean": 0.21775420083237873,
      "first_after5000_1000_pmove_mean": 0.5350480224609375,
      "first_after5000_1000_spin_mean": 0.02103194427692728,
      "first_after5000_1000_spin_state_0_mean": 0.018470101611745497,
      "first_after5000_1000_spin_state_1_mean": 0.02359378694210906,
      "last1000_e0_mean": -75.38575406668548,
      "last1000_e0_std": 0.03819602896889025,
      "last1000_e1_mean": -75.18381248576651,
      "last1000_e1_std": 0.03938033393724774,
      "last1000_energy_mean": -75.2013201638423,
      "last1000_energy_std": 0.028302267847188794,
      "last1000_gap_ev_mean": 5.495110357511305,
      "last1000_gap_ev_std": 1.5117093419931655,
      "last1000_gap_hartree_mean": 0.20194158091896164,
      "last1000_gap_hartree_std": 0.055554293644854244,
      "last1000_pmove_mean": 0.5347176147460939,
      "last1000_pmove_std": 0.0018455398691992926,
      "last1000_spin_mean": 0.008297991506546414,
      "last1000_spin_state_0_mean": 0.006075405473461298,
      "last1000_spin_state_0_std": 0.0009991993988860478,
      "last1000_spin_state_1_mean": 0.010520577539631528,
      "last1000_spin_state_1_std": 0.0011994376621005162,
      "last1000_spin_std": 0.0007499695649594182,
      "num_rows": 30000,
      "parameter_label": "eta0=0.01, tau=10000",
      "run": "eta1e2_tau10000",
      "start_step": 0,
      "tau": 10000
    },
    {
      "after5000_e0_mean": -75.3668756870864,
      "after5000_e1_mean": -75.159928444819,
      "after5000_energy_mean": -75.12316671589078,
      "after5000_gap_ev_mean": 5.6313213418802155,
      "after5000_gap_hartree_mean": 0.20694724226739786,
      "after5000_pmove_mean": 0.5347316069335938,
      "after5000_spin_mean": 0.013950859215795842,
      "after5000_spin_state_0_mean": 0.011702528933236459,
      "after5000_spin_state_1_mean": 0.01619918949835523,
      "analysis_start_step": 5000,
      "end_step": 29999,
      "eta0": 0.01,
      "final_e0": -75.38920110899981,
      "final_e1": -75.21701304268139,
      "final_energy": -75.20009128262018,
      "final_gap_ev": 4.685475979540501,
      "final_spin": 0.010270532499869724,
      "first_after5000_1000_e0_mean": -75.32241074252981,
      "first_after5000_1000_e1_mean": -75.11462968306189,
      "first_after5000_1000_energy_mean": -75.00245516571225,
      "first_after5000_1000_gap_ev_mean": 5.654010663782419,
      "first_after5000_1000_gap_hartree_mean": 0.20778105946792902,
      "first_after5000_1000_pmove_mean": 0.5351025146484376,
      "first_after5000_1000_spin_mean": 0.02142473657132907,
      "first_after5000_1000_spin_state_0_mean": 0.019376430232312898,
      "first_after5000_1000_spin_state_1_mean": 0.02347304291034525,
      "last1000_e0_mean": -75.38767616697447,
      "last1000_e0_std": 0.03886149569482305,
      "last1000_e1_mean": -75.18032663487,
      "last1000_e1_std": 0.035913057666293643,
      "last1000_energy_mean": -75.19228965729279,
      "last1000_energy_std": 0.027005951430074213,
      "last1000_gap_ev_mean": 5.642268206019404,
      "last1000_gap_ev_std": 1.4394663993503958,
      "last1000_gap_hartree_mean": 0.20734953210446203,
      "last1000_gap_hartree_std": 0.052899414470757744,
      "last1000_pmove_mean": 0.5346414672851563,
      "last1000_pmove_std": 0.0018026221220925093,
      "last1000_spin_mean": 0.00913471954915501,
      "last1000_spin_state_0_mean": 0.0060591975327562225,
      "last1000_spin_state_0_std": 0.0010975171725740016,
      "last1000_spin_state_1_mean": 0.012210241565553797,
      "last1000_spin_state_1_std": 0.0009479848735492875,
      "last1000_spin_std": 0.0007278759481571449,
      "num_rows": 30000,
      "parameter_label": "eta0=0.01, tau=15000",
      "run": "eta1e2_tau15000",
      "start_step": 0,
      "tau": 15000
    },
    {
      "after5000_e0_mean": -75.36688096730464,
      "after5000_e1_mean": -75.16372314742625,
      "after5000_energy_mean": -75.13990365422556,
      "after5000_gap_ev_mean": 5.528205905603839,
      "after5000_gap_hartree_mean": 0.20315781987839407,
      "after5000_pmove_mean": 0.5348099965820312,
      "after5000_spin_mean": 0.012472127018434967,
      "after5000_spin_state_0_mean": 0.011302948398862972,
      "after5000_spin_state_1_mean": 0.013641305638006956,
      "analysis_start_step": 5000,
      "end_step": 29999,
      "eta0": 0.01,
      "final_e0": -75.39848066432987,
      "final_e1": -75.17423729270438,
      "final_energy": -75.2154963163022,
      "final_gap_ev": 6.1019729984038555,
      "final_spin": 0.0069975305242333755,
      "first_after5000_1000_e0_mean": -75.31887165587796,
      "first_after5000_1000_e1_mean": -75.12044094785108,
      "first_after5000_1000_energy_mean": -74.99984667720696,
      "first_after5000_1000_gap_ev_mean": 5.399574639183938,
      "first_after5000_1000_gap_hartree_mean": 0.19843070802686663,
      "first_after5000_1000_pmove_mean": 0.5350771728515625,
      "first_after5000_1000_spin_mean": 0.021830163314434412,
      "first_after5000_1000_spin_state_0_mean": 0.022981702193884387,
      "first_after5000_1000_spin_state_1_mean": 0.02067862443498443,
      "last1000_e0_mean": -75.38497426914083,
      "last1000_e0_std": 0.0400976661033367,
      "last1000_e1_mean": -75.18202064077747,
      "last1000_e1_std": 0.03736989168223352,
      "last1000_energy_mean": -75.20356503085547,
      "last1000_energy_std": 0.028494906505991176,
      "last1000_gap_ev_mean": 5.522649571420012,
      "last1000_gap_ev_std": 1.4780497237703498,
      "last1000_gap_hartree_mean": 0.20295362836335698,
      "last1000_gap_hartree_std": 0.05431732549047445,
      "last1000_pmove_mean": 0.5348116943359376,
      "last1000_pmove_std": 0.0018239338369391172,
      "last1000_spin_mean": 0.007952135406786104,
      "last1000_spin_state_0_mean": 0.006548695415648689,
      "last1000_spin_state_0_std": 0.0009967597908223911,
      "last1000_spin_state_1_mean": 0.009355575397923517,
      "last1000_spin_state_1_std": 0.0011315972414313222,
      "last1000_spin_std": 0.0007483906014783977,
      "num_rows": 30000,
      "parameter_label": "eta0=0.01, tau=20000",
      "run": "eta1e2_tau20000",
      "start_step": 0,
      "tau": 20000
    },
    {
      "after5000_e0_mean": -75.36885527374247,
      "after5000_e1_mean": -75.1632419317951,
      "after5000_energy_mean": -75.14579909224423,
      "after5000_gap_ev_mean": 5.595024065058247,
      "after5000_gap_hartree_mean": 0.20561334194736838,
      "after5000_pmove_mean": 0.5348920961914063,
      "after5000_spin_mean": 0.011935817428182442,
      "after5000_spin_state_0_mean": 0.011363235667018735,
      "after5000_spin_state_1_mean": 0.012508399189346155,
      "analysis_start_step": 5000,
      "end_step": 29999,
      "eta0": 0.02,
      "final_e0": -75.39038077984154,
      "final_e1": -75.17718744444504,
      "final_energy": -75.18963528849149,
      "final_gap_ev": 5.801286194544539,
      "final_spin": 0.00913503357773928,