{
  "FermiNet QKV": {
    "energy_excited_last1000_mean_hartree": -75.14535968284918,
    "energy_ground_last1000_mean_hartree": -75.35222136229581,
    "final_step": 9999,
    "gap_last1000_mean_ev": 5.628993058915396,
    "pmove_last1000_mean": 0.5351153076171876,
    "rolling_end_step": 9999,
    "rolling_start_step": 2999,
    "rows": 10000,
    "spin_state0_last1000_mean": 0.015619725304782985,
    "spin_state1_last1000_mean": 0.016001221469369397,
    "state1_lower_count_after2000": 32,
    "step_seconds_no_init_mean": 1.6164308066927593
  },
  "Fused QKV": {
    "energy_excited_last1000_mean_hartree": -75.1413229215531,
    "energy_ground_last1000_mean_hartree": -75.35223712072597,
    "final_step": 9999,
    "gap_last1000_mean_ev": 5.7392677384563395,
    "pmove_last1000_mean": 0.535050439453125,
    "rolling_end_step": 9999,
    "rolling_start_step": 2999,
    "rows": 10000,
    "spin_state0_last1000_mean": 0.015138230091416736,
    "spin_state1_last1000_mean": 0.019331987310275182,
    "state1_lower_count_after2000": 33,
    "step_seconds_no_init_mean": 1.6506746887730577
  }
}
