{
  "summary": [
    {
      "after5000_e0_mean": -75.36245692130895,
      "after5000_e1_mean": -75.15408485720512,
      "after5000_energy_mean": -75.13460097237622,
      "after5000_gap_ev_mean": 5.670092719202661,
      "after5000_gap_hartree_mean": 0.20837206410381426,
      "after5000_pmove_mean": 0.5347167260742187,
      "after5000_spin_mean": 0.012320744787709155,
      "after5000_spin_state_0_mean": 0.010032742147359388,
      "after5000_spin_state_1_mean": 0.014608747428058922,
      "analysis_start_step": 5000,
      "end_step": 29999,
      "eta0": 0.005,
      "final_e0": -75.33936402921066,
      "final_e1": -75.1077303307158,
      "final_energy": -75.15209557380946,
      "final_gap_ev": 6.303074037330381,
      "final_spin": 0.007145160615375676,
      "first_after5000_1000_e0_mean": -75.31764943770467,
      "first_after5000_1000_e1_mean": -75.09278593126366,
      "first_after5000_1000_energy_mean": -74.97673842582299,
      "first_after5000_1000_gap_ev_mean": 6.118847726393886,
      "first_after5000_1000_gap_hartree_mean": 0.22486350644102293,
      "first_after5000_1000_pmove_mean": 0.5348185791015626,
      "first_after5000_1000_spin_mean": 0.02273756019265941,
      "first_after5000_1000_spin_state_0_mean": 0.021230788332263287,
      "first_after5000_1000_spin_state_1_mean": 0.024244332053055536,
      "last1000_e0_mean": -75.3811184607606,
      "last1000_e0_std": 0.04140705313233759,
      "last1000_e1_mean": -75.17443766555712,
      "last1000_e1_std": 0.0419250166619869,
      "last1000_energy_mean": -75.19716577693963,
      "last1000_energy_std": 0.03035190451139984,
      "last1000_gap_ev_mean": 5.624070947909522,
      "last1000_gap_ev_std": 1.6289178909174395,
      "last1000_gap_hartree_mean": 0.20668079520346835,
      "last1000_gap_hartree_std": 0.05986162837101342,
      "last1000_pmove_mean": 0.5346620849609376,
      "last1000_pmove_std": 0.0018322459895373246,
      "last1000_spin_mean": 0.008030765483745086,
      "last1000_spin_state_0_mean": 0.006132074243208076,
      "last1000_spin_state_0_std": 0.0011583107496171963,
      "last1000_spin_state_1_mean": 0.009929456724282096,
      "last1000_spin_state_1_std": 0.0010130407807192028,
      "last1000_spin_std": 0.0007823680923665568,
      "num_rows": 30000,
      "parameter_label": "eta0=0.005, tau=10000",
      "run": "eta5e3_tau10000",
      "start_step": 0,
      "tau": 10000
    },
    {
      "after5000_e0_mean": -75.36325733926358,
      "after5000_e1_mean": -75.16080336561757,
      "after5000_energy_mean": -75.13844733334,
      "after5000_gap_ev_mean": 5.509053273916654,
      "after5000_gap_hartree_mean": 0.20245397364601,
      "after5000_pmove_mean": 0.5347433173828126,
      "after5000_spin_mean": 0.012307966526641742,
      "after5000_spin_state_0_mean": 0.01209489389506302,
      "after5000_spin_state_1_mean": 0.01252103915822046,
      "analysis_start_step": 5000,
      "end_step": 29999,
      "eta0": 0.005,
      "final_e0": -75.3705067889132,
      "final_e1": -75.20782345437816,
      "final_energy": -75.20506554014011,
      "final_gap_ev": 4.426839051818422,
      "final_spin": 0.008409958150551207,
      "first_after5000_1000_e0_mean": -75.31110329383989,
      "first_after5000_1000_e1_mean": -75.11680548141628,
      "first_after5000_1000_energy_mean": -75.00757495242468,
      "first_after5000_1000_gap_ev_mean": 5.287112820609184,
      "first_after5000_1000_gap_hartree_mean": 0.19429781242360286,
      "first_after5000_1000_pmove_mean": 0.5348837036132812,
      "first_after5000_1000_spin_mean": 0.020541631117503793,
      "first_after5000_1000_spin_state_0_mean": 0.018808274553379606,
      "first_after5000_1000_spin_state_1_mean": 0.022274987681627986,
      "last1000_e0_mean": -75.3813052388765,
      "last1000_e0_std": 0.040732600876189864,
      "last1000_e1_mean": -75.17927419656642,
      "last1000_e1_std": 0.041295535352338014,
      "last1000_energy_mean": -75.19338829142708,
      "last1000_energy_std": 0.029425428488627243,
      "last1000_gap_ev_mean": 5.497544725978447,
      "last1000_gap_ev_std": 1.6145047294359338,
      "last1000_gap_hartree_mean": 0.2020310423100549,
      "last1000_gap_hartree_std": 0.059331954456159824,
      "last1000_pmove_mean": 0.5347618652343751,
      "last1000_pmove_std": 0.0018421619063636644,
      "last1000_spin_mean": 0.008655217322570397,
      "last1000_spin_state_0_mean": 0.0080911489374433,
      "last1000_spin_state_0_std": 0.0011475223213781526,
      "last1000_spin_state_1_mean": 0.009219285707697493,
      "last1000_spin_state_1_std": 0.0010662188573618426,
      "last1000_spin_std": 0.0007433711210989053,
      "num_rows": 30000,
      "parameter_label": "eta0=0.005, tau=15000",
      "run": "eta5e3_tau15000",
      "start_step": 0,
      "tau": 15000
    },
    {
      "after5000_e0_mean": -75.36378927263523,
      "after5000_e1_mean": -75.1589053329512,
      "after5000_energy_mean": -75.13914419000977,
      "after5000_gap_ev_mean": 5.575176018342004,
      "after5000_gap_hartree_mean": 0.20488393968403576,
      "after5000_pmove_mean": 0.534731677734375,
      "after5000_spin_mean": 0.012167828747204125,
      "after5000_spin_state_0_mean": 0.009886118777065921,
      "after5000_spin_state_1_mean": 0.014449538717342333,
      "analysis_start_step": 5000,
      "end_step": 29999,
      "eta0": 0.005,
      "final_e0": -75.39920248248553,
      "final_e1": -75.08968673112327,
      "final_energy": -75.15617835655651,
      "final_gap_ev": 8.422352659535902,
      "final_spin": 0.00882662502479322,
      "first_after5000_1000_e0_mean": -75.31773919162248,
      "first_after5000_1000_e1_mean": -75.10930104675606,
      "first_after5000_1000_energy_mean": -75.0032038333583,
      "first_after5000_1000_gap_ev_mean": 5.671890868356897,
      "first_after5000_1000_gap_hartree_mean": 0.20843814486640316,
      "first_after5000_1000_pmove_mean": 0.5346803344726564,
      "first_after5000_1000_spin_mean": 0.0209203395110924,
      "first_after5000_1000_spin_state_0_mean": 0.018626214542982134,
      "first_after5000_1000_spin_state_1_mean": 0.023214464479202668,
      "last1000_e0_mean": -75.38472535092963,
      "last1000_e0_std": 0.040045086792936425,
      "last1000_e1_mean": -75.17727925182875,
      "last1000_e1_std": 0.03924377850997618,
      "last1000_energy_mean": -75.19932454108373,
      "last1000_energy_std": 0.028631644894670974,
      "last1000_gap_ev_mean": 5.644895927857796,
      "last1000_gap_ev_std": 1.5363739392525266,
      "last1000_gap_hartree_mean": 0.20744609910088907,
      "last1000_gap_hartree_std": 0.0564607008758713,
      "last1000_pmove_mean": 0.534723388671875,
      "last1000_pmove_std": 0.0017764761796020619,
      "last1000_spin_mean": 0.008131891535671136,
      "last1000_spin_state_0_mean": 0.0063958711987213875,
      "last1000_spin_state_0_std": 0.0010413766345406322,
      "last1000_spin_state_1_mean": 0.009867911872620889,
      "last1000_spin_state_1_std": 0.0011474601420782546,
      "last1000_spin_std": 0.0007100987268886942,
      "num_rows": 30000,
      "parameter_label": "eta0=0.005, tau=20000",
      "run": "eta5e3_tau20000",
      "start_step": 0,
      "tau": 20000
    },
    {
      "after5000_e0_mean": -75.31748959278335,
      "after5000_e1_mean": -75.09015221058388,
      "after5000_energy_mean": -75.06058546089515,
      "after5000_gap_ev_mean": 6.186165315181322,
      "after5000_gap_hartree_mean": 0.2273373821994607,
      "after5000_pmove_mean": 0.534862951171875,
      "after5000_spin_mean": 0.014284181119276835,
      "after5000_spin_state_0_mean": 0.011120961209966303,
      "after5000_spin_state_1_mean": 0.017447401028587373,
      "analysis_start_step": 5000,
      "end_step": 29999,
      "eta0": 0.001,
      "final_e0": -75.36817531742281,
      "final_e1": -75.12708208242209,
      "final_energy": -75.14802082792025,
      "final_gap_ev": 6.560481138899308,
      "final_spin": 0.009932294055572298,