{
  "summary": [
    {
      "after20000_e0_mean": -75.37740421038761,
      "after20000_e1_mean": -75.17045906502216,
      "after20000_energy_mean": -75.18780826528598,
      "after20000_gap_ev_mean": 5.63126428227174,
      "after20000_gap_hartree_mean": 0.20694514536546277,
      "after20000_pmove_mean": 0.534715164794922,
      "after20000_spin_mean": 0.008580589967999375,
      "after20000_spin_state_0_mean": 0.006931906325299959,
      "after20000_spin_state_1_mean": 0.010229273610698792,
      "analysis_start_step": 20000,
      "end_step": 29999,
      "eta0": 0.005,
      "final_e0": -75.33936402921066,
      "final_e1": -75.1077303307158,
      "final_energy": -75.15209557380946,
      "final_gap_ev": 6.303074037330381,
      "final_spin": 0.007145160615375676,
      "first_after20000_1000_e0_mean": -75.37238250540733,
      "first_after20000_1000_e1_mean": -75.16826783162166,
      "first_after20000_1000_energy_mean": -75.17381885335338,
      "first_after20000_1000_gap_ev_mean": 5.554243226855389,
      "first_after20000_1000_gap_hartree_mean": 0.20411467378565828,
      "first_after20000_1000_pmove_mean": 0.5348467529296875,
      "first_after20000_1000_spin_mean": 0.009623923157886441,
      "first_after20000_1000_spin_state_0_mean": 0.007911014153785794,
      "first_after20000_1000_spin_state_1_mean": 0.01133683216198709,
      "last1000_e0_mean": -75.3811184607606,
      "last1000_e0_std": 0.04140705313233759,
      "last1000_e1_mean": -75.17443766555712,
      "last1000_e1_std": 0.0419250166619869,
      "last1000_energy_mean": -75.19716577693963,
      "last1000_energy_std": 0.03035190451139984,
      "last1000_gap_ev_mean": 5.624070947909522,
      "last1000_gap_ev_std": 1.6289178909174395,
      "last1000_gap_hartree_mean": 0.20668079520346835,
      "last1000_gap_hartree_std": 0.05986162837101342,
      "last1000_pmove_mean": 0.5346620849609376,
      "last1000_pmove_std": 0.0018322459895373246,
      "last1000_spin_mean": 0.008030765483745086,
      "last1000_spin_state_0_mean": 0.006132074243208076,
      "last1000_spin_state_0_std": 0.0011583107496171963,
      "last1000_spin_state_1_mean": 0.009929456724282096,
      "last1000_spin_state_1_std": 0.0010130407807192028,
      "last1000_spin_std": 0.0007823680923665568,
      "num_rows": 30000,
      "parameter_label": "eta0=0.005, tau=10000",
      "run": "eta5e3_tau10000",
      "start_step": 0,
      "tau": 10000
    },
    {
      "after20000_e0_mean": -75.37876229137241,
      "after20000_e1_mean": -75.17562202602385,
      "after20000_energy_mean": -75.18575722667407,
      "after20000_gap_ev_mean": 5.527728222512272,
      "after20000_gap_hartree_mean": 0.20314026534856422,
      "after20000_pmove_mean": 0.5347175756835938,
      "after20000_spin_mean": 0.009106728763607973,
      "after20000_spin_state_0_mean": 0.008611823158428226,
      "after20000_spin_state_1_mean": 0.00960163436878772,
      "analysis_start_step": 20000,
      "end_step": 29999,
      "eta0": 0.005,
      "final_e0": -75.3705067889132,
      "final_e1": -75.20782345437816,
      "final_energy": -75.20506554014011,
      "final_gap_ev": 4.426839051818422,
      "final_spin": 0.008409958150551207,
      "first_after20000_1000_e0_mean": -75.37642883461865,
      "first_after20000_1000_e1_mean": -75.17224151142823,
      "first_after20000_1000_energy_mean": -75.17026078924013,
      "first_after20000_1000_gap_ev_mean": 5.556220117869002,
      "first_after20000_1000_gap_hartree_mean": 0.20418732319042374,
      "first_after20000_1000_pmove_mean": 0.5349281738281251,
      "first_after20000_1000_spin_mean": 0.010368704019251418,
      "first_after20000_1000_spin_state_0_mean": 0.010568922222204648,
      "first_after20000_1000_spin_state_1_mean": 0.010168485816298188,
      "last1000_e0_mean": -75.3813052388765,
      "last1000_e0_std": 0.040732600876189864,
      "last1000_e1_mean": -75.17927419656642,
      "last1000_e1_std": 0.041295535352338014,
      "last1000_energy_mean": -75.19338829142708,
      "last1000_energy_std": 0.029425428488627243,
      "last1000_gap_ev_mean": 5.497544725978447,
      "last1000_gap_ev_std": 1.6145047294359338,
      "last1000_gap_hartree_mean": 0.2020310423100549,
      "last1000_gap_hartree_std": 0.059331954456159824,
      "last1000_pmove_mean": 0.5347618652343751,
      "last1000_pmove_std": 0.0018421619063636644,
      "last1000_spin_mean": 0.008655217322570397,
      "last1000_spin_state_0_mean": 0.0080911489374433,
      "last1000_spin_state_0_std": 0.0011475223213781526,
      "last1000_spin_state_1_mean": 0.009219285707697493,
      "last1000_spin_state_1_std": 0.0010662188573618426,
      "last1000_spin_std": 0.0007433711210989053,
      "num_rows": 30000,
      "parameter_label": "eta0=0.005, tau=15000",
      "run": "eta5e3_tau15000",
      "start_step": 0,
      "tau": 15000
    },
    {
      "after20000_e0_mean": -75.37943288829487,
      "after20000_e1_mean": -75.17388168650652,
      "after20000_energy_mean": -75.1830998523965,
      "after20000_gap_ev_mean": 5.593333145189884,
      "after20000_gap_hartree_mean": 0.20555120178835265,
      "after20000_pmove_mean": 0.5347485290527345,
      "after20000_spin_mean": 0.00931848615436163,
      "after20000_spin_state_0_mean": 0.007181097826359817,
      "after20000_spin_state_1_mean": 0.011455874482363444,
      "analysis_start_step": 20000,
      "end_step": 29999,
      "eta0": 0.005,
      "final_e0": -75.39920248248553,
      "final_e1": -75.08968673112327,
      "final_energy": -75.15617835655651,
      "final_gap_ev": 8.422352659535902,
      "final_spin": 0.00882662502479322,
      "first_after20000_1000_e0_mean": -75.37215691775829,
      "first_after20000_1000_e1_mean": -75.16969340967496,
      "first_after20000_1000_energy_mean": -75.16727473566134,
      "first_after20000_1000_gap_ev_mean": 5.5093127191727875,
      "first_after20000_1000_gap_hartree_mean": 0.2024635080833146,
      "first_after20000_1000_pmove_mean": 0.5347896606445313,
      "first_after20000_1000_spin_mean": 0.010327798901335932,
      "first_after20000_1000_spin_state_0_mean": 0.008520541911206393,
      "first_after20000_1000_spin_state_1_mean": 0.01213505589146547,
      "last1000_e0_mean": -75.38472535092963,
      "last1000_e0_std": 0.040045086792936425,
      "last1000_e1_mean": -75.17727925182875,
      "last1000_e1_std": 0.03924377850997618,
      "last1000_energy_mean": -75.19932454108373,
      "last1000_energy_std": 0.028631644894670974,
      "last1000_gap_ev_mean": 5.644895927857796,
      "last1000_gap_ev_std": 1.5363739392525266,
      "last1000_gap_hartree_mean": 0.20744609910088907,
      "last1000_gap_hartree_std": 0.0564607008758713,
      "last1000_pmove_mean": 0.534723388671875,
      "last1000_pmove_std": 0.0017764761796020619,
      "last1000_spin_mean": 0.008131891535671136,
      "last1000_spin_state_0_mean": 0.0063958711987213875,
      "last1000_spin_state_0_std": 0.0010413766345406322,
      "last1000_spin_state_1_mean": 0.009867911872620889,
      "last1000_spin_state_1_std": 0.0011474601420782546,
      "last1000_spin_std": 0.0007100987268886942,
      "num_rows": 30000,
      "parameter_label": "eta0=0.005, tau=20000",
      "run": "eta5e3_tau20000",
      "start_step": 0,
      "tau": 20000
    },
    {
      "after20000_e0_mean": -75.33704671121838,
      "after20000_e1_mean": -75.12535647133356,
      "after20000_energy_mean": -75.11316307703432,
      "after20000_gap_ev_mean": 5.760384882012041,
      "after20000_gap_hartree_mean": 0.21169023988483288,
      "after20000_pmove_mean": 0.53483228515625,
      "after20000_spin_mean": 0.011769948859302815,
      "after20000_spin_state_0_mean": 0.009419866509058954,
      "after20000_spin_state_1_mean": 0.014120031209546675,
      "analysis_start_step": 20000,
      "end_step": 29999,
      "eta0": 0.001,
      "final_e0": -75.36817531742281,
      "final_e1": -75.12708208242209,
      "final_energy": -75.14802082792025,